Y;X;Gray
240;0;84
240;1;84
240;2;84
240;3;84
240;4;84
240;5;84
240;6;84
240;7;84
240;8;84
240;9;84
240;10;84
240;11;84
240;12;84
240;13;84
240;14;84
240;15;84
240;16;84
240;17;84
240;18;84
240;19;83
240;20;83
240;21;83
240;22;83
240;23;83
240;24;83
240;25;83
240;26;83
240;27;83
240;28;83
240;29;83
240;30;83
240;31;83
240;32;83
240;33;83
240;34;83
240;35;83
240;36;84
240;37;84
240;38;84
240;39;84
240;40;84
240;41;85
240;42;85
240;43;86
240;44;87
240;45;88
240;46;90
240;47;93
240;48;97
240;49;101
240;50;105
240;51;110
240;52;115
240;53;118
240;54;120
240;55;121
240;56;120
240;57;118
240;58;116
240;59;113
240;60;111
240;61;109
240;62;109
240;63;109
240;64;109
240;65;109
240;66;109
240;67;108
240;68;108
240;69;106
240;70;105
240;71;103
240;72;100
240;73;97
240;74;93
240;75;89
240;76;84
240;77;78
240;78;72
240;79;66
240;80;61
240;81;58
240;82;56
240;83;55
240;84;54
240;85;54
240;86;54
240;87;54
240;88;54
240;89;54
240;90;54
240;91;54
240;92;54
240;93;55
240;94;55
240;95;55
240;96;56
240;97;56
240;98;56
240;99;55
240;100;55
240;101;55
240;102;54
240;103;54
240;104;53
240;105;53
240;106;53
240;107;52
240;108;52
240;109;52
240;110;52
240;111;52
240;112;52
240;113;53
240;114;53
240;115;54
240;116;54
240;117;55
240;118;56
240;119;58
240;120;61
240;121;64
240;122;68
240;123;72
240;124;76
240;125;79
240;126;81
240;127;81
240;128;80
240;129;77
240;130;74
240;131;69
240;132;65
240;133;60
240;134;57
240;135;55
240;136;54
240;137;53
240;138;53
240;139;53
240;140;53
240;141;53
240;142;53
240;143;53
240;144;53
240;145;53
240;146;53
240;147;52
240;148;52
240;149;53
240;150;53
240;151;53
240;152;53
240;153;53
240;154;53
240;155;53
240;156;53
240;157;53
240;158;53
240;159;53
240;160;53
240;161;54
240;162;55
240;163;56
240;164;58
240;165;61
240;166;64
240;167;68
240;168;72
240;169;76
240;170;79
240;171;82
240;172;84
240;173;84
240;174;83
240;175;81
240;176;78
240;177;75
240;178;70
240;179;66
240;180;63
240;181;60
240;182;59
240;183;59
240;184;59
240;185;59
240;186;60
240;187;60
240;188;60
240;189;60
240;190;59
240;191;58
240;192;57
240;193;55
240;194;54
240;195;53
240;196;52
240;197;52
240;198;51
240;199;51
240;200;52
240;201;52
240;202;53
240;203;53
240;204;53
240;205;53
240;206;53
240;207;52
240;208;52
240;209;52
240;210;51
240;211;52
240;212;53
240;213;54
240;214;56
240;215;60
240;216;64
240;217;68
240;218;73
240;219;78
240;220;81
240;221;82
240;222;83
240;223;81
240;224;79
240;225;75
240;226;70
240;227;65
240;228;60
240;229;56
240;230;53
240;231;51
240;232;50
240;233;50
240;234;51
240;235;51
240;236;52
240;237;53
240;238;53
240;239;53
240;240;53
240;241;53
240;242;53
240;243;53
240;244;53
240;245;53
240;246;52
240;247;52
240;248;52
240;249;52
240;250;51
240;251;51
240;252;51
240;253;50
240;254;50
240;255;50
240;256;49
240;257;49
240;258;49
240;259;49
240;260;50
240;261;52
240;262;55
240;263;59
240;264;64
240;265;68
240;266;73
240;267;76
240;268;78
240;269;79
240;270;78
240;271;76
240;272;73
240;273;70
240;274;65
240;275;61
240;276;57
240;277;54
240;278;52
240;279;50
240;280;49
240;281;48
240;282;47
240;283;46
240;284;45
240;285;45
240;286;45
240;287;45
240;288;45
240;289;45
240;290;46
240;291;46
240;292;46
240;293;46
240;294;45
240;295;45
240;296;45
240;297;44
240;298;44
240;299;45
240;300;45
240;301;45
240;302;46
240;303;46
240;304;47
240;305;47
240;306;48
240;307;49
240;308;50
240;309;51
240;310;53
240;311;56
240;312;60
240;313;65
240;314;69
240;315;74
240;316;77
240;317;80
240;318;81
240;319;81
240;320;80
240;321;77
240;322;73
240;323;68
240;324;63
240;325;58
240;326;54
240;327;51
240;328;49
240;329;48
240;330;47
240;331;47
240;332;46
240;333;46
240;334;45
240;335;45
240;336;45
240;337;45
240;338;45
240;339;45
240;340;46
240;341;46
240;342;46
240;343;46
240;344;46
240;345;46
240;346;47
240;347;47
240;348;47
240;349;47
240;350;47
240;351;47
240;352;47
240;353;47
240;354;47
240;355;47
240;356;48
240;357;48
240;358;48
240;359;49
240;360;51
240;361;54
240;362;57
240;363;63
240;364;69
240;365;75
240;366;81
240;367;86
240;368;90
240;369;91
240;370;91
240;371;89
240;372;85
240;373;79
240;374;72
240;375;65
240;376;60
240;377;55
240;378;52
240;379;51
240;380;50
240;381;50
240;382;49
240;383;49
240;384;49
240;385;49
240;386;49
240;387;49
240;388;49
240;389;49
240;390;49
240;391;49
240;392;49
240;393;49
240;394;49
240;395;48
240;396;48
240;397;48
240;398;48
240;399;48
240;400;48
240;401;48
240;402;48
240;403;48
240;404;48
240;405;48
240;406;49
240;407;49
240;408;50
240;409;51
240;410;53
240;411;56
240;412;61
240;413;66
240;414;72
240;415;77
240;416;81
240;417;83
240;418;84
240;419;84
240;420;82
240;421;79
240;422;74
240;423;69
240;424;64
240;425;59
240;426;55
240;427;53
240;428;51
240;429;50
240;430;50
240;431;49
240;432;49
240;433;49
240;434;49
240;435;50
240;436;50
240;437;50
240;438;50
240;439;50
240;440;50
240;441;49
240;442;49
240;443;49
240;444;49
240;445;49
240;446;49
240;447;49
240;448;49
240;449;49
240;450;49
240;451;50
240;452;50
240;453;50
240;454;50
240;455;50
240;456;51
240;457;51
240;458;51
240;459;51
240;460;52
240;461;52
240;462;53
240;463;55
240;464;58
240;465;61
240;466;65
240;467;70
240;468;74
240;469;77
240;470;80
240;471;81
240;472;81
240;473;79
240;474;76
240;475;72
240;476;67
240;477;62
240;478;57
240;479;54
240;480;52
240;481;51
240;482;51
240;483;51
240;484;51
240;485;51
240;486;51
240;487;51
240;488;51
240;489;51
240;490;52
240;491;52
240;492;53
240;493;54
240;494;55
240;495;57
240;496;59
240;497;61
240;498;62
240;499;64
240;500;65
240;501;65
240;502;66
240;503;66
240;504;66
240;505;67
240;506;67
240;507;67
240;508;68
240;509;68
240;510;69
240;511;70
240;512;73
240;513;76
240;514;81
240;515;86
240;516;90
240;517;94
240;518;96
240;519;98
240;520;97
240;521;96
240;522;94
240;523;90
240;524;86
240;525;82
240;526;77
240;527;74
240;528;72
240;529;70
240;530;69
240;531;68
240;532;67
240;533;67
240;534;67
240;535;66
240;536;66
240;537;66
240;538;66
240;539;65
240;540;65
240;541;66
240;542;66
240;543;66
240;544;66
240;545;67
240;546;67
240;547;67
240;548;67
240;549;68
240;550;68
240;551;68
240;552;67
240;553;67
240;554;67
240;555;67
240;556;67
240;557;67
240;558;67
240;559;67
240;560;66
240;561;66
240;562;66
240;563;66
240;564;66
240;565;66
240;566;67
240;567;67
240;568;68
240;569;70
240;570;72
240;571;75
240;572;78
240;573;83
240;574;88
240;575;92
240;576;95
240;577;98
240;578;99
240;579;98
240;580;97
240;581;94
240;582;89
240;583;85
240;584;80
240;585;76
240;586;72
240;587;70
240;588;68
240;589;67
240;590;66
240;591;66
240;592;66
240;593;66
240;594;65
240;595;65
240;596;65
240;597;64
240;598;64
240;599;64
240;600;63
240;601;63
240;602;63
240;603;63
240;604;63
240;605;63
240;606;63
240;607;63
240;608;63
240;609;63
240;610;63
240;611;64
240;612;64
240;613;64
240;614;64
240;615;65
240;616;65
240;617;65
240;618;65
240;619;65
240;620;64
240;621;64
240;622;63
240;623;63
240;624;63
240;625;62
240;626;62
240;627;62
240;628;62
240;629;62
240;630;61
240;631;61
240;632;61
240;633;61
240;634;61
240;635;61
240;636;61
240;637;61
240;638;61
240;639;61
