Y;X;Gray;Y;X;Blur
240;0;86;240;0;85
240;1;85;240;1;85
240;2;85;240;2;85
240;3;84;240;3;85
240;4;85;240;4;85
240;5;84;240;5;84
240;6;84;240;6;84
240;7;84;240;7;84
240;8;84;240;8;84
240;9;85;240;9;84
240;10;85;240;10;84
240;11;85;240;11;84
240;12;85;240;12;85
240;13;85;240;13;85
240;14;85;240;14;85
240;15;85;240;15;85
240;16;86;240;16;84
240;17;84;240;17;84
240;18;85;240;18;84
240;19;85;240;19;84
240;20;84;240;20;84
240;21;84;240;21;84
240;22;84;240;22;83
240;23;83;240;23;83
240;24;82;240;24;83
240;25;82;240;25;83
240;26;83;240;26;83
240;27;83;240;27;83
240;28;83;240;28;83
240;29;84;240;29;83
240;30;83;240;30;83
240;31;83;240;31;83
240;32;83;240;32;83
240;33;84;240;33;84
240;34;85;240;34;84
240;35;85;240;35;84
240;36;85;240;36;84
240;37;83;240;37;84
240;38;85;240;38;84
240;39;84;240;39;84
240;40;84;240;40;85
240;41;84;240;41;85
240;42;85;240;42;86
240;43;85;240;43;86
240;44;86;240;44;87
240;45;88;240;45;89
240;46;88;240;46;91
240;47;90;240;47;94
240;48;94;240;48;97
240;49;96;240;49;101
240;50;97;240;50;106
240;51;116;240;51;111
240;52;124;240;52;115
240;53;129;240;53;119
240;54;129;240;54;121
240;55;128;240;55;121
240;56;124;240;56;121
240;57;123;240;57;119
240;58;120;240;58;116
240;59;114;240;59;114
240;60;104;240;60;111
240;61;93;240;61;110
240;62;102;240;62;109
240;63;114;240;63;109
240;64;118;240;64;109
240;65;114;240;65;109
240;66;104;240;66;109
240;67;95;240;67;109
240;68;110;240;68;108
240;69;113;240;69;107
240;70;109;240;70;105
240;71;99;240;71;103
240;72;97;240;72;100
240;73;96;240;73;97
240;74;97;240;74;94
240;75;93;240;75;89
240;76;90;240;76;84
240;77;101;240;77;78
240;78;57;240;78;72
240;79;48;240;79;66
240;80;53;240;80;62
240;81;53;240;81;59
240;82;53;240;82;57
240;83;53;240;83;55
240;84;55;240;84;55
240;85;55;240;85;55
240;86;56;240;86;54
240;87;56;240;87;54
240;88;54;240;88;54
240;89;55;240;89;54
240;90;55;240;90;54
240;91;57;240;91;55
240;92;58;240;92;55
240;93;57;240;93;55
240;94;56;240;94;56
240;95;57;240;95;56
240;96;56;240;96;56
240;97;57;240;97;56
240;98;56;240;98;56
240;99;58;240;99;56
240;100;57;240;100;56
240;101;56;240;101;55
240;102;54;240;102;55
240;103;54;240;103;54
240;104;52;240;104;54
240;105;51;240;105;53
240;106;51;240;106;53
240;107;50;240;107;53
240;108;48;240;108;53
240;109;47;240;109;52
240;110;49;240;110;52
240;111;49;240;111;53
240;112;49;240;112;53
240;113;51;240;113;53
240;114;52;240;114;53
240;115;52;240;115;54
240;116;48;240;116;55
240;117;52;240;117;55
240;118;52;240;118;57
240;119;53;240;119;58
240;120;55;240;120;61
240;121;54;240;121;65
240;122;66;240;122;69
240;123;78;240;123;73
240;124;80;240;124;76
240;125;83;240;125;79
240;126;83;240;126;81
240;127;82;240;127;81
240;128;83;240;128;80
240;129;82;240;129;78
240;130;81;240;130;74
240;131;71;240;131;70
240;132;43;240;132;65
240;133;42;240;133;61
240;134;49;240;134;58
240;135;49;240;135;55
240;136;49;240;136;54
240;137;48;240;137;53
240;138;49;240;138;53
240;139;50;240;139;53
240;140;54;240;140;54
240;141;55;240;141;54
240;142;54;240;142;54
240;143;52;240;143;54
240;144;51;240;144;53
240;145;50;240;145;53
240;146;49;240;146;53
240;147;47;240;147;53
240;148;48;240;148;53
240;149;49;240;149;53
240;150;48;240;150;53
240;151;50;240;151;54
240;152;49;240;152;54
240;153;49;240;153;54
240;154;50;240;154;54
240;155;50;240;155;54
240;156;51;240;156;53
240;157;50;240;157;53
240;158;49;240;158;53
240;159;48;240;159;53
240;160;47;240;160;54
240;161;46;240;161;54
240;162;47;240;162;55
240;163;47;240;163;57
240;164;52;240;164;59
240;165;57;240;165;61
240;166;59;240;166;64
240;167;67;240;167;68
240;168;73;240;168;72
240;169;76;240;169;76
240;170;85;240;170;80
240;171;87;240;171;82
240;172;87;240;172;84
240;173;86;240;173;85
240;174;83;240;174;84
240;175;83;240;175;82
240;176;82;240;176;79
240;177;81;240;177;75
240;178;69;240;178;71
240;179;50;240;179;67
240;180;51;240;180;63
240;181;50;240;181;61
240;182;52;240;182;60
240;183;55;240;183;59
240;184;57;240;184;60
240;185;61;240;185;60
240;186;64;240;186;60
240;187;64;240;187;61
240;188;62;240;188;61
240;189;63;240;189;60
240;190;62;240;190;60
240;191;60;240;191;59
240;192;57;240;192;57
240;193;56;240;193;56
240;194;52;240;194;55
240;195;49;240;195;53
240;196;48;240;196;53
240;197;45;240;197;52
240;198;46;240;198;52
240;199;46;240;199;52
240;200;47;240;200;52
240;201;49;240;201;53
240;202;49;240;202;53
240;203;48;240;203;53
240;204;53;240;204;54
240;205;55;240;205;54
240;206;54;240;206;53
240;207;49;240;207;53
240;208;48;240;208;52
240;209;45;240;209;52
240;210;45;240;210;52
240;211;45;240;211;52
240;212;45;240;212;53
240;213;45;240;213;55
240;214;49;240;214;57
240;215;55;240;215;60
240;216;61;240;216;64
240;217;66;240;217;69
240;218;81;240;218;74
240;219;87;240;219;78
240;220;87;240;220;81
240;221;86;240;221;83
240;222;82;240;222;83
240;223;79;240;223;82
240;224;78;240;224;79
240;225;79;240;225;75
240;226;76;240;226;71
240;227;60;240;227;65
240;228;32;240;228;60
240;229;40;240;229;56
240;230;41;240;230;53
240;231;40;240;231;51
240;232;40;240;232;51
240;233;43;240;233;51
240;234;45;240;234;51
240;235;47;240;235;52
240;236;49;240;236;53
240;237;53;240;237;53
240;238;55;240;238;54
240;239;54;240;239;54
240;240;51;240;240;54
240;241;50;240;241;54
240;242;51;240;242;54
240;243;54;240;243;54
240;244;54;240;244;53
240;245;52;240;245;53
240;246;51;240;246;53
240;247;51;240;247;53
240;248;54;240;248;52
240;249;54;240;249;52
240;250;54;240;250;52
240;251;56;240;251;51
240;252;52;240;252;51
240;253;49;240;253;51
240;254;50;240;254;50
240;255;53;240;255;50
240;256;49;240;256;50
240;257;50;240;257;50
240;258;48;240;258;49
240;259;46;240;259;50
240;260;44;240;260;51
240;261;45;240;261;53
240;262;48;240;262;56
240;263;55;240;263;60
240;264;66;240;264;64
240;265;71;240;265;69
240;266;82;240;266;73
240;267;83;240;267;76
240;268;83;240;268;79
240;269;81;240;269;79
240;270;80;240;270;79
240;271;80;240;271;77
240;272;77;240;272;74
240;273;73;240;273;70
240;274;69;240;274;66
240;275;54;240;275;61
240;276;50;240;276;58
240;277;51;240;277;55
240;278;53;240;278;52
240;279;52;240;279;51
240;280;50;240;280;49
240;281;48;240;281;48
240;282;46;240;282;47
240;283;44;240;283;46
240;284;43;240;284;45
240;285;42;240;285;45
240;286;43;240;286;45
240;287;45;240;287;45
240;288;47;240;288;46
240;289;47;240;289;46
240;290;48;240;290;46
240;291;46;240;291;46
240;292;45;240;292;46
240;293;44;240;293;46
240;294;43;240;294;46
240;295;43;240;295;45
240;296;44;240;296;45
240;297;52;240;297;45
240;298;49;240;298;45
240;299;50;240;299;45
240;300;50;240;300;45
240;301;49;240;301;46
240;302;49;240;302;46
240;303;46;240;303;47
240;304;48;240;304;47
240;305;50;240;305;48
240;306;49;240;306;48
240;307;49;240;307;49
240;308;49;240;308;50
240;309;49;240;309;52
240;310;49;240;310;54
240;311;50;240;311;57
240;312;54;240;312;61
240;313;57;240;313;65
240;314;69;240;314;70
240;315;77;240;315;74
240;316;79;240;316;78
240;317;82;240;317;80
240;318;84;240;318;82
240;319;85;240;319;82
240;320;87;240;320;81
240;321;88;240;321;78
240;322;91;240;322;74
240;323;71;240;323;69
240;324;59;240;324;63
240;325;56;240;325;59
240;326;54;240;326;55
240;327;56;240;327;52
240;328;56;240;328;50
240;329;51;240;329;49
240;330;51;240;330;48
240;331;51;240;331;47
240;332;51;240;332;47
240;333;49;240;333;46
240;334;47;240;334;46
240;335;47;240;335;46
240;336;48;240;336;46
240;337;48;240;337;46
240;338;50;240;338;46
240;339;49;240;339;46
240;340;48;240;340;46
240;341;52;240;341;46
240;342;52;240;342;47
240;343;52;240;343;47
240;344;48;240;344;47
240;345;49;240;345;47
240;346;49;240;346;47
240;347;49;240;347;47
240;348;50;240;348;48
240;349;51;240;349;48
240;350;50;240;350;48
240;351;49;240;351;48
240;352;49;240;352;48
240;353;49;240;353;48
240;354;48;240;354;48
240;355;49;240;355;48
240;356;48;240;356;48
240;357;49;240;357;48
240;358;50;240;358;49
240;359;48;240;359;50
240;360;48;240;360;51
240;361;48;240;361;54
240;362;50;240;362;58
240;363;49;240;363;63
240;364;64;240;364;69
240;365;89;240;365;76
240;366;93;240;366;82
240;367;93;240;367;87
240;368;96;240;368;90
240;369;97;240;369;92
240;370;97;240;370;91
240;371;98;240;371;89
240;372;94;240;372;85
240;373;97;240;373;79
240;374;76;240;374;73
240;375;58;240;375;66
240;376;56;240;376;60
240;377;53;240;377;56
240;378;52;240;378;53
240;379;52;240;379;51
240;380;52;240;380;51
240;381;52;240;381;50
240;382;52;240;382;50
240;383;51;240;383;50
240;384;50;240;384;49
240;385;49;240;385;49
240;386;49;240;386;49
240;387;50;240;387;49
240;388;50;240;388;49
240;389;48;240;389;49
240;390;48;240;390;49
240;391;49;240;391;49
240;392;49;240;392;49
240;393;49;240;393;49
240;394;48;240;394;49
240;395;47;240;395;49
240;396;46;240;396;49
240;397;48;240;397;49
240;398;49;240;398;49
240;399;47;240;399;49
240;400;46;240;400;49
240;401;46;240;401;49
240;402;46;240;402;49
240;403;45;240;403;49
240;404;45;240;404;49
240;405;47;240;405;49
240;406;48;240;406;49
240;407;49;240;407;49
240;408;49;240;408;50
240;409;48;240;409;51
240;410;48;240;410;54
240;411;50;240;411;57
240;412;53;240;412;62
240;413;64;240;413;67
240;414;90;240;414;72
240;415;85;240;415;77
240;416;85;240;416;81
240;417;86;240;417;84
240;418;84;240;418;85
240;419;85;240;419;84
240;420;84;240;420;82
240;421;84;240;421;79
240;422;90;240;422;75
240;423;67;240;423;69
240;424;59;240;424;64
240;425;52;240;425;59
240;426;50;240;426;56
240;427;49;240;427;53
240;428;49;240;428;51
240;429;50;240;429;51
240;430;50;240;430;50
240;431;50;240;431;50
240;432;50;240;432;50
240;433;49;240;433;50
240;434;49;240;434;50
240;435;49;240;435;50
240;436;50;240;436;50
240;437;50;240;437;50
240;438;50;240;438;50
240;439;49;240;439;50
240;440;49;240;440;50
240;441;48;240;441;50
240;442;47;240;442;50
240;443;49;240;443;50
240;444;50;240;444;49
240;445;48;240;445;49
240;446;47;240;446;49
240;447;48;240;447;49
240;448;47;240;448;49
240;449;50;240;449;50
240;450;51;240;450;50
240;451;51;240;451;50
240;452;51;240;452;50
240;453;52;240;453;51
240;454;52;240;454;51
240;455;51;240;455;51
240;456;51;240;456;51
240;457;51;240;457;51
240;458;56;240;458;51
240;459;52;240;459;52
240;460;51;240;460;52
240;461;52;240;461;53
240;462;52;240;462;54
240;463;52;240;463;56
240;464;53;240;464;58
240;465;57;240;465;62
240;466;60;240;466;66
240;467;72;240;467;70
240;468;80;240;468;74
240;469;81;240;469;78
240;470;83;240;470;80
240;471;85;240;471;81
240;472;86;240;472;81
240;473;85;240;473;80
240;474;85;240;474;77
240;475;88;240;475;72
240;476;68;240;476;67
240;477;47;240;477;62
240;478;51;240;478;58
240;479;51;240;479;54
240;480;52;240;480;53
240;481;52;240;481;51
240;482;53;240;482;51
240;483;52;240;483;51
240;484;53;240;484;51
240;485;54;240;485;51
240;486;54;240;486;51
240;487;54;240;487;51
240;488;53;240;488;52
240;489;52;240;489;52
240;490;53;240;490;52
240;491;54;240;491;52
240;492;54;240;492;53
240;493;56;240;493;54
240;494;56;240;494;56
240;495;56;240;495;57
240;496;57;240;496;59
240;497;62;240;497;61
240;498;63;240;498;63
240;499;63;240;499;64
240;500;63;240;500;65
240;501;63;240;501;66
240;502;64;240;502;66
240;503;64;240;503;67
240;504;65;240;504;67
240;505;65;240;505;67
240;506;65;240;506;68
240;507;67;240;507;68
240;508;67;240;508;68
240;509;66;240;509;69
240;510;66;240;510;69
240;511;66;240;511;71
240;512;67;240;512;73
240;513;70;240;513;77
240;514;66;240;514;81
240;515;86;240;515;86
240;516;100;240;516;91
240;517;100;240;517;94
240;518;101;240;518;97
240;519;101;240;519;98
240;520;102;240;520;98
240;521;102;240;521;97
240;522;101;240;522;94
240;523;101;240;523;91
240;524;102;240;524;87
240;525;71;240;525;82
240;526;71;240;526;78
240;527;69;240;527;75
240;528;70;240;528;72
240;529;71;240;529;70
240;530;71;240;530;69
240;531;70;240;531;69
240;532;69;240;532;68
240;533;69;240;533;68
240;534;69;240;534;67
240;535;68;240;535;67
240;536;68;240;536;66
240;537;68;240;537;66
240;538;67;240;538;66
240;539;70;240;539;66
240;540;68;240;540;66
240;541;70;240;541;66
240;542;68;240;542;66
240;543;70;240;543;67
240;544;69;240;544;67
240;545;71;240;545;67
240;546;71;240;546;68
240;547;71;240;547;68
240;548;72;240;548;68
240;549;73;240;549;68
240;550;72;240;550;68
240;551;72;240;551;68
240;552;72;240;552;68
240;553;70;240;553;68
240;554;73;240;554;68
240;555;73;240;555;68
240;556;72;240;556;68
240;557;72;240;557;68
240;558;72;240;558;67
240;559;72;240;559;67
240;560;73;240;560;67
240;561;71;240;561;67
240;562;71;240;562;67
240;563;70;240;563;67
240;564;70;240;564;67
240;565;70;240;565;67
240;566;71;240;566;67
240;567;72;240;567;68
240;568;72;240;568;69
240;569;73;240;569;70
240;570;73;240;570;72
240;571;73;240;571;75
240;572;75;240;572;79
240;573;84;240;573;83
240;574;92;240;574;88
240;575;102;240;575;92
240;576;104;240;576;96
240;577;106;240;577;98
240;578;104;240;578;99
240;579;103;240;579;99
240;580;102;240;580;97
240;581;102;240;581;94
240;582;103;240;582;90
240;583;94;240;583;85
240;584;78;240;584;80
240;585;74;240;585;76
240;586;73;240;586;73
240;587;72;240;587;70
240;588;71;240;588;69
240;589;71;240;589;67
240;590;70;240;590;67
240;591;70;240;591;67
240;592;69;240;592;66
240;593;70;240;593;66
240;594;71;240;594;66
240;595;70;240;595;66
240;596;70;240;596;65
240;597;69;240;597;65
240;598;68;240;598;64
240;599;68;240;599;64
240;600;66;240;600;64
240;601;65;240;601;64
240;602;66;240;602;64
240;603;66;240;603;63
240;604;67;240;604;63
240;605;64;240;605;63
240;606;65;240;606;63
240;607;64;240;607;63
240;608;65;240;608;63
240;609;65;240;609;64
240;610;64;240;610;64
240;611;67;240;611;64
240;612;68;240;612;64
240;613;68;240;613;64
240;614;66;240;614;65
240;615;67;240;615;65
240;616;67;240;616;65
240;617;69;240;617;65
240;618;68;240;618;65
240;619;69;240;619;65
240;620;68;240;620;65
240;621;65;240;621;64
240;622;64;240;622;64
240;623;65;240;623;63
240;624;63;240;624;63
240;625;64;240;625;63
240;626;65;240;626;63
240;627;65;240;627;63
240;628;65;240;628;62
240;629;65;240;629;62
240;630;64;240;630;62
240;631;63;240;631;62
240;632;61;240;632;62
240;633;61;240;633;62
240;634;61;240;634;62
240;635;63;240;635;62
240;636;61;240;636;62
240;637;58;240;637;62
240;638;59;240;638;62
240;639;60;240;639;62
